mutant_name,sequence_pos,box,row,column,gel_number,expression,Siena gel levels,protein_yield,eki,err_k,err_kcat,err_kcatkm,err_km,err_tm,in_plos_paper,k,kcat,km,kcatkm,ki,percent_err_kcat,percent_err_km,student,tm,why_no_tm
W399A,399,1,H,8,15,1,1,,,,0.1,2,2.52,,1,,1,16.65,14,,10,15.1,,,below detection
E164A,164,1,A,7,10,1,1,,,,0.1,1,0.17,,1,,1,1.01,19,,10,16.8,,,catalytic residue
F415N,415,2,D,2,13,1,0,,,,0,3.1,1.92,,0,,1,23.1,43,,3.1,8.3,,,below detection
F415N,415,2,I,7,13,1,0,,,,0,3.1,1.92,,0,,1,23.1,43,,3.1,8.3,,,below detection
F415A,415,1,A,4,9,1,1,,,,0.1,20,4,,1,,1,16.63,80,,10,24.1,,,no expression
W399R,399,2,C,3,8,1,1,,,,0.1,10.2,0.86,,0,,1,3.3,303,,6.4,26.2,,,below detection
H119N,119,2,D,7,14,1,1,,,,1,8,2.2,,1,,2,23.22,82,,50,9.5,,,below detection
H379R,379,1,F,3,14,1,1,,,,1,53,0.84,,1,,2,6.24,380,,50,13.5,,,below detection
W399C,399,1,I,2,12,1,1,,,,1,4,5.89,,1,,3,70.33,39,,33.3,8.4,,,below detection
W399C,399,2,E,1,12,1,1,,,,1,4,5.89,,1,,3,70.33,39,,33.3,8.4,,,below detection
W399C,399,3,E,3,12,1,1,,,,1,4,5.89,,1,,3,70.33,39,,33.3,8.4,,,below detection
N354A,354,1,E,5,9,1,0,,,0.12,1,70,0.67,0.36,1,-0.61,3,5.38,547,,33.3,12.5,,40.75,
N404A,404,1,B,6,9,1,1,,,0.28,1,18,0.42,0.12,1,-1.36,4,9.42,393,,25,4.5,,41.9,
N163A,163,1,C,6,9,1,1,,,0.06,1,44,0.91,0.29,1,-0.5,7,11.95,558,,14.3,7.6,,41.16,
E406Q,,3,C,6,,1,,0.15,,,,,,,,,9.2,128.3,,,41.8,61.7,Matt/David,,
W325C,325,2,D,9,12,1,1,,34.38,0.14,1,327,0.53,0.15,1,-1.03,10,4.18,2503,159.19,10,12.7,,39.3,
N293C,293,2,B,3,8,1,1,,,0.14,0.4,1,2.08,0.37,0,-0.65,11,19.8,556,,3.8,10.5,,38.88,
N293C,293,3,B,6,8,1,1,,,0.14,0.4,1,2.08,0.37,0,-0.65,11,19.8,556,,3.8,10.5,,38.88,
E222Y,222,1,I,8,4,1,0.5,,,0.32,1,116,3.14,0.51,1,-0.93,12,18.43,636,,8.3,17,,37.13,
N163D,163,1,G,5,3,1,1,,,0.07,1,77,1.41,0.3,1,-0.51,12,15.19,789,,8.3,9.3,,38.52,
N163D,163,2,G,1,3,1,1,,,0.07,1,77,1.41,0.3,1,-0.51,12,15.19,789,,8.3,9.3,,38.52,
N293A,293,1,B,5,10,1,1,,,,1,63,0.44,,1,,13,9.67,1313,,7.7,4.6,,,below detection
K413A,,1,H,7,,1,,1.89,,,,,,,,,13.3,42.4,,,2.7,5.9,Alex G.,,
K413A,,3,E,8,,1,,1.89,,,,,,,,,13.3,42.4,,,2.7,5.9,Alex G.,,
N220R,220,2,C,1,8,1,1,,,0.14,0.5,1,1.39,0.32,0,-0.72,14.9,12.5,1192,,3.5,11.1,,39.5,
N163C,163,2,A,8,4,1,1,,,0.04,1,291,0.32,0.31,1,-0.37,26,5.42,4766,,3.8,5.9,,38.05,
N163C,163,3,E,2,4,1,1,,,0.04,1,291,0.32,0.31,1,-0.37,26,5.42,4766,,3.8,5.9,,38.05,
Y166P,166,2,F,6,14,1,0,,10.18,,1,1981,0.45,,1,,27,2.5,10596,94.95,3.7,18,,,
W325A,325,1,G,1,6,1,1,,19.85,0.15,1,2607,0.23,0.45,1,-0.61,29,1.61,18243,171.02,3.4,14.3,,40.13,
H178N,,3,B,8,,1,,0.12,,,,,,,,,29,3.7,,,3.3,13.3,Matt/David,,
W325H,325,2,E,8,7,1,1,,25.04,,1,1645,0.43,,1,,35,3.08,11358,143.45,2.9,14,,,below detection
E406D,406,1,A,8,15,1,1,,,0.27,1,94,2.57,0.26,1,-1.12,39,34.13,1146,,2.6,7.5,,40.67,
E222R,222,1,I,3,4,1,0,,,0.14,2,3148,0.44,0.21,1,-0.86,42,2.48,17098,,4.8,17.7,,39.1,
T352A,352,1,D,3,2,1,1,,,0.17,2,541,1.76,0.3,1,-0.78,60,14.26,4174,,3.3,12.3,,38.11,
W120H,120,2,A,9,3,1,1,,,0.05,2,53,4.31,0.14,1,-0.65,84,89.18,943,,2.4,4.8,,40.09,
W120H,120,3,E,7,3,1,1,,,0.05,2,53,4.31,0.14,1,-0.65,84,89.18,943,,2.4,4.8,,40.09,
N404C,404,2,B,4,12,1,1,,,0.25,3.7,1,1.9,0.24,0,-1.37,85.2,14.4,5917,,4.3,13.2,,42.65,
E222A,222,1,G,4,5,1,1,,13.7,0.05,4,36130,0.15,0.12,1,-0.69,90,0.63,143604,95.24,4.4,23.8,,36.86,
D322A,,3,B,7,,1,,0.11,,,,,,,,,100.8,4.3,,,3.7,14.7,Matt/David,,
E222K,222,1,I,9,4,1,0.5,,,0.14,3,1618,0.75,0.44,1,-0.59,108,7.22,14955,,2.8,10.4,,38.97,
T296A,296,1,A,5,16,1,0,,28.67,,2,722,0.77,,1,,109,11.05,9904,142.75,1.8,7,,,no expression
W325L,325,1,B,4,15,1,1,,,,2,1198,0.35,,1,,109,5.74,18909,,1.8,6.1,,42.5,
W325L,325,2,B,5,15,1,1,,,,2,1198,0.35,,1,,109,5.74,18909,,1.8,6.1,,42.5,
H178A,178,1,E,6,13,1,0,,42.79,0.05,3,1463,0.73,0.12,1,-0.73,113,7.67,14697,173.34,2.7,9.5,,34.25,
N220H,220,2,E,4,10,1,1,,,0.27,1,1031,0.21,0.4,1,-0.93,123,5.14,23874,,0.8,4.1,,39.6,
H119A,119,1,I,1,9,1,1,,,0.14,11,2222,3.36,0.19,1,-1.08,143,15.1,9483,,7.7,22.3,,40.23,
H119A,119,3,D,9,9,1,1,,,0.14,11,2222,3.36,0.19,1,-1.08,143,15.1,9483,,7.7,22.3,,40.23,
S16A,16,1,C,1,5,1,1,,,,1,331,0.4,,1,,154,14.01,10997,,0.6,2.9,,39.52,
S16A,16,2,E,7,5,1,1,,,,1,331,0.4,,1,,154,14.01,10997,,0.6,2.9,,39.52,
E222H,222,1,I,6,2,1,0.5,,,0.07,3,1212,0.53,0.15,1,-0.7,160,8.54,18695,,1.9,6.2,,34.91,
Y294A,294,1,G,9,15,1,1,,,0.15,2,1180,0.17,0.2,1,-1.03,166,4.98,33260,,1.2,3.4,,40.37,
M261E,,2,F,1,,1,,0.3,,,,,,,,,183.4,8.4,,,4.1,14.3,Alex G.,,
Y18A,18,1,H,1,2,1,0.5,,,0.04,9,773,3.61,0.23,1,-0.47,197,31.55,6230,,4.6,11.4,,38.26,
N220G,220,2,E,3,13,1,1,,,0.71,6.3,1,2.36,0.22,0,-1.6,209,33.3,6276,,3,7.1,,41.89,
I244N,244,2,E,2,7,1,0.5,,,0.12,4,7795,0.13,0.57,1,-0.48,271,2.15,126176,,1.5,6,,36.84,
R240D,240,2,A,1,10,1,1,,,,4,1196,0.47,,1,,282,10.82,26093,,1.4,4.3,,,
L219A,,1,B,9,,1,,0.36,,,,,,,,,304.9,8,,,3.1,10.7,Alex G.,,
S14A,14,1,A,3,9,1,1,,,0.37,11,4972,1.02,0.3,1,-1.72,320,8.25,38823,,3.4,12.4,,40.16,
L171R,171,2,A,7,14,1,1,,,0.18,7,8506,0.23,0.32,1,-0.77,403,3.36,120146,,1.7,6.8,,38.83,
L171R,171,3,D,8,14,1,1,,,0.18,7,8506,0.23,0.32,1,-0.77,403,3.36,120146,,1.7,6.8,,38.83,
N220A,220,1,C,2,5,1,1,,,0.11,8,2745,0.68,0.19,1,-0.77,405,10.27,39425,,2,6.6,,38.85,
M323A,323,1,B,3,11,1,1,,25.47,0.04,11,3991,0.8,0.08,1,-0.83,416,9.34,44477,126.29,2.6,8.6,,37.12,
M358T,358,2,F,5,12,1,1,,,0.25,11,9225,0.48,0.18,1,-1.51,436,4.83,90241,,2.5,9.9,,39.54,
T218A,218,1,F,9,2,1,1,,,0.07,18,10669,0.94,0.09,1,-1.15,464,6.51,71280,,3.9,14.4,,40.08,
W120F,120,1,E,9,15,1,0.5,,,0.08,21,3980,2.07,0.36,1,-0.51,472,16.08,29334,,4.4,12.9,,41.68,
C167A,167,1,C,5,11,1,1,,,0.58,14,3026,1.27,0.54,1,-1.47,479,14.56,32884,,2.9,8.7,,39.84,
C167A,167,1,E,4,11,1,1,,,0.58,14,3026,1.27,0.54,1,-1.47,479,14.56,32884,,2.9,8.7,,39.84,
I244E,244,2,A,5,1,1,1,,,0.06,23,14963,1.04,0.09,1,-0.9,497,5.97,83137,,4.6,17.4,,37.84,
I244E,244,2,G,3,1,1,1,,,0.06,23,14963,1.04,0.09,1,-0.9,497,5.97,83137,,4.6,17.4,,37.84,
C167Q,167,1,E,1,15,1,1,,86.56,0.05,6,4149,0.19,0.12,1,-0.65,504,4.92,102415,590.71,1.2,3.9,,38.86,
H315Y,,2,C,5,,1,,2.78,,,,,,,,,526.7,5.1,,,3,11.6,Alex G.,,
S400A,400,1,A,9,13,1,0,,,0.11,9,11833,0.22,0.31,1,-0.65,531,3.22,164795,,1.7,6.8,,39.91,
M221A,221,1,C,9,4,1,0.5,,,,15,8701,0.6,,1,,547,6.25,87554,,2.7,9.6,,,
E177K,177,2,G,2,10,1,1,,36.97,0.1,7,4493,0.3,0.25,1,-0.7,555,6.19,89609,362.94,1.3,4.8,,36.73,
H315A,,2,B,9,,1,,2.41,,,,,,,,,567.4,2.4,,,4.7,20.5,David B.,,
K413A,,1,H,7,,1,,1.92,,,,,,,,,587.6,2.6,,,3.3,14.7,David B.,,
K413A,,3,E,8,,1,,1.92,,,,,,,,,587.6,2.6,,,3.3,14.7,David B.,,
Q284R,,1,F,5,,1,,2.77,,,,,,,,,588.4,2.5,,,3.9,16.7,David B.,,
T15A,15,1,C,8,2,1,1,,,0.07,14.7,1.7,0.48,0.23,0,-0.58,614,5.3,115849,,2.4,9,,39.17,
N220Y,220,2,C,8,8,1,1,,,0.02,6.3,10.3,0.02,0.17,0,-0.38,628,0.4,1570000,,1,4.1,,41.74,
N220Y,220,3,D,6,8,1,1,,,0.02,6.3,10.3,0.02,0.17,0,-0.38,628,0.4,1570000,,1,4.1,,41.74,
E426S,,2,E,5,,1,,0.87,,,,,,,,,639.9,4.1,,,2.1,8.5,Alex G.,,
S17E,17,1,H,9,15,1,0.5,,,0.08,9,4719,0.38,0.14,1,-0.82,641,7.32,87596,,1.4,5.2,,39.47,
S17E,17,3,E,5,15,1,0.5,,,0.08,9,4719,0.38,0.14,1,-0.82,641,7.32,87596,,1.4,5.2,,39.47,
E222Q,222,2,B,1,4,1,1,,,0.23,11,3084,0.65,0.28,1,-1.09,668,12.16,54923,,1.6,5.3,,39.75,
E222Q,222,3,E,9,4,1,1,,,0.23,11,3084,0.65,0.28,1,-1.09,668,12.16,54923,,1.6,5.3,,39.75,
E177L,177,2,B,2,7,1,1,,,0.2,10,4555,0.36,0.42,1,-0.76,670,7.48,89478,,1.5,4.8,,39.6,
V52G,52,2,D,3,12,1,1,,,0.13,13,5707,0.54,0.12,1,-1.13,687,8.25,83371,,1.9,6.5,,39.28,
V52G,52,3,F,1,12,1,1,,,0.13,13,5707,0.54,0.12,1,-1.13,687,8.25,83371,,1.9,6.5,,39.28,
Q313R,313,1,A,2,15,1,1,,,,24,28109,0.51,,1,,689,3.58,192373,,3.5,14.2,,42.1,
Q313R,313,2,F,8,15,1,1,,,,24,28109,0.51,,1,,689,3.58,192373,,3.5,14.2,,42.1,
I300N,300,2,E,9,7,1,1,,,0.08,13,11520,0.32,0.54,1,-0.42,693,4.48,154732,,1.9,7.1,,38.56,
H373R,373,1,D,5,14,1,1,,,0.46,9,5512,0.3,0.29,1,-1.29,707,6.31,112169,,1.3,4.8,,39.24,
Y294F,294,2,D,5,15,1,1,,,,11,6883,0.32,,1,,735,5.99,122751,,1.5,5.3,,40.79,
Y294F,294,2,E,6,15,1,1,,,,11,6883,0.32,,1,,735,5.99,122751,,1.5,5.3,,40.79,
E177S,,2,C,2,,1,,1.22,,,,,,,,,742,4.4,,,2.6,10.3,Alex G.,,
T175R,175,2,F,7,7,1,1,,,0.03,8,9663,0.15,0.11,1,-0.54,801,3.59,223033,,1,4.2,,38.06,
L171A,171,1,D,2,11,1,1,,,0.21,9,2851,0.42,0.53,1,-0.66,807,11.09,72719,,1.1,3.8,,38.8,
S298E,298,1,H,4,3,1,1,,,0.11,2,1391,0.05,0.15,1,-0.98,809,5.28,153264,,0.2,0.9,,39.61,
S298E,298,2,I,4,3,1,1,,,0.11,2,1391,0.05,0.15,1,-0.98,809,5.28,153264,,0.2,0.9,,39.61,
W409Y,409,2,D,1,8,1,1,,,0.02,12.9,2.7,0.18,0.14,0,-0.4,809,2.6,311154,,1.6,7.1,,36.75,
S331A,331,2,F,4,14,1,1,,,0.08,5,5055,0.11,0.33,1,-0.52,817,4.34,188306,,0.6,2.5,,39.29,
I91E,91,1,G,2,10,1,1,,,0.08,35,15714,0.79,0.32,1,-0.55,846,6.71,126071,,4.1,11.8,,39.66,
S17A,17,1,F,7,9,1,1,,,0.44,76,10135,3.72,0.14,1,-1.31,848,18.45,45978,,9,20.2,,41.66,
E154D,154,1,E,7,14,1,1,,,0.18,47,57175,0.76,0.32,1,-0.77,878,3.46,254004,,5.4,22,,38.83,
R240K,240,1,H,3,3,1,1,,,0.33,59,10102,3.32,0.19,1,-1.47,898,17.67,50829,,6.6,18.8,,39.33,
R240K,240,3,C,2,3,1,1,,,0.33,59,10102,3.32,0.19,1,-1.47,898,17.67,50829,,6.6,18.8,,39.33,
L362M,362,2,C,9,8,1,1,,,0.06,9.2,1,0.19,0.16,0,-0.68,917,5.2,176346,,1,3.7,,40.02,
A192S,192,2,F,2,14,1,1,,,0.46,10,6994,0.18,0.29,1,-1.29,946,5.09,185848,,1.1,3.5,,39.24,
E177A,177,1,H,6,14,1,1,,,0.06,10,6408,0.22,0.24,1,-0.52,986,5.98,164804,,1,3.7,,37.54,
E177A,177,3,E,1,14,1,1,,,0.06,10,6408,0.22,0.24,1,-0.52,986,5.98,164804,,1,3.7,,37.54,
K341A,341,2,A,6,12,1,1,,,0.07,17,12041,0.33,0.06,1,-1.73,1046,5.46,191689,,1.6,6,,40.01,
K341A,341,3,E,4,12,1,1,,,0.07,17,12041,0.33,0.06,1,-1.73,1046,5.46,191689,,1.6,6,,40.01,
H101R,101,1,E,3,12,1,1,,,0.07,16,5225,0.53,0.1,1,-0.95,1059,10.62,99708,,1.5,5,,40.09,
R240A,240,1,D,9,13,1,1,,,0.09,258,36384,1.17,0.12,1,-1.06,11011,19.46,565763,,2.3,6,,39.9,
R240A,240,3,E,6,13,1,1,,,0.09,258,36384,1.17,0.12,1,-1.06,11011,19.46,565763,,2.3,6,,39.9,
W120A,120,1,A,1,9,0,0.5,,,,,1,,,1,,,,10,,,,,,below detection
E406A,406,1,C,3,4,1,1,,,0.86,,1,,0.71,1,-1.71,,,10,,,,,40.08,
E353A,353,1,F,8,11,1,1,,,,,1,,,1,,,,10,,,,,,catalytic residue
Y295A,295,1,G,3,7,1,1,,,,,1,,,1,,,,10,,,,,,catalytic residue
Q19C,19,1,G,6,3,1,1,,,,,1,,,1,,,,10,,,,,,below detection
W399G,399,1,G,8,3,1,1,,,,,1,,,1,,,,10,,,,,,below detection
W399S,399,2,A,2,3,1,1,,,,,1,,,1,,,,10,,,,,,below detection
W399S,399,2,A,3,3,1,1,,,,,1,,,1,,,,10,,,,,,below detection
N293Q,293,2,B,7,8,1,1,,,,,1,,,0,,,,10,,,,,,below detection
H315E,315,2,C,4,13,1,1 (on gel 13 & 16),,,,,1,,,0,,,,10,,,,,,below detection
Q19A,19,1,E,2,13,1,1,,,,,3,,,1,,,,11,,,,,,below detection
Q19S,19,2,F,9,14,1,1,,,0.05,,3,,0.18,1,-0.58,,,13,,,,,36.82,
R76A,76,1,A,6,5,0,1,,,,,,,,1,,,,,,,,,,no expression
H315N,315,1,B,1,15,0,0,,,,,,,,1,,,,,,,,,,no expression
M323K,323,1,B,2,13,0,0,,,,,,,,1,,,,,,,,,,no expression
W407G,407,1,B,7,6,0,1,,,,,,,,1,,,,,,,,,,no expression
W407A,407,1,B,8,2,0,0,,,,,,,,1,,,,,,,,,,no expression
W407Q,407,1,C,4,5,0,0,,,,,,,,1,,,,,,,,,,no expression
P329N,329,1,D,1,5,0,1,,,,,,,,1,,,,,,,,,,no expression
W407R,407,1,D,4,5,0,0,,,,,,,,1,,,,,,,,,,no expression
W34A,34,1,F,1,6,0,0.5,,,,,,,,1,,,,,,,,,,no expression
H379T,379,1,F,2,12,0,0.5,,,,,,,,0,,,,,,,,,,no expression
D403A,403,1,F,4,14,0,0.5,,,,,,,,1,,,,,,,,,,no expression
G355A,355,1,F,6,9,0,0,,,,,,,,1,,,,,,,,,,no expression
W325G,325,1,G,7,10,0,0,,,,,,,,0,,,,,,,,,,no expression
E164G,164,1,I,4,2,0,0,,,,,,,,0,,,,,,,,,,catalytic residue
R240E,240,1,I,5,3,0,0,,,,,,,,0,,,,,,,,,,no expression
E164R,164,2,A,4,10,0,1,,,,,,,,0,,,,,,,,,,catalytic residue
S16N,16,2,B,8,8,0,0.5,,,,,,,,0,,,,,,,,,,below detection
N293D,293,2,C,6,8,0,1,,,,,,,,0,,,,,,,,,,below detection
H178R,178,2,C,7,8,0,0.5,,,,,,,,0,,,,,,,,,,below detection
H119E,119,2,D,8,7,0,1,,,,,,,,1,,,,,,,,,,no expression
F72H,72,2,F,3,7,0,0,,,0.08,,,,0.38,0,-0.48,,,,,,,,,
D121F,121,2,G,6,1,0,0,,,,,,,,0,,,,,,,,,,no expression
W407K,407,2,H,1,17,0,0,,,,,,,,0,,,,,,,,,,no expression
F343S,343,2,H,6,16,0,0,,,,,,,,0,,,,,,,,,,no expression
T296E,296,2,H,8,16,0,0,,,,,,,,0,,,,,,,,,,no expression
G12N,12,2,I,2,16,0,0,,,,,,,,0,,,,,,,,,,no expression
N163K,163,2,I,6,1,0,0,,,,,,,,0,,,,,,,,,,no expression
A236E,236,2,I,8,1,0,0,,,,,,,,0,,,,,,,,,,no expression
Q19P,19,2,I,9,17,0,0,,,,,,,,0,,,,,,,,,,no expression
Y294L,294,3,A,1,1,0,0,,,,,,,,0,,,,,,,,,,no expression
A249E,249,3,A,2,1,0,0,,,,,,,,0,,,,,,,,,,no expression
S32L,32,3,A,3,1,0,0,,,,,,,,0,,,,,,,,,,no expression
W407Y,407,3,A,5,1,0,0,,,,,,,,0,,,,,,,,,,no expression
N293K,293,3,C,5,16,0,0,,,,,,,,0,,,,,,,,,,no expression
N163E,163,3,D,5,17,0,0,,,,,,,,0,,,,,,,,,,no expression
W325R,325,1,I,7,3,1,1,,,0.08,,,,0.15,0,-0.82,,,,,,,,40.01,
W325R,325,3,A,8,3,1,1,,,0.08,,,,0.15,0,-0.82,,,,,,,,40.01,
F405A,,1,C,7,,,,0.113,,,,,,,,,,,,,,,Danny R.,,
A357A,NA,1,D,6,,,,,,,,,,,,,,,,,,,,,
A408A,NA,1,D,7,,,,,,,,,,,,,,,,,,,,,
W409A,,1,D,8,,,,,,,,,,,,,,,,,,,Danny R. / Alex G.,,
V147S,,1,E,8,,,,,,,,,,,,,,,,,,,Alex G.,,
H379R,,1,F,3,,,,0.54,,,,,,,,,,,,,,,David B.,,
,,1,H,2,,,,,,,,,,,,,,,,,,,,,
A356A,NA,1,H,5,,1,,,,,,,,,,,,,,,,,,,
W409E,,2,B,6,,,,,,,,,,,,,,,,,,,David B. / Alex G.,,
Y294H,,2,D,4,,,,,,,,,,,,,,,,,,,,,
R76Q,,2,D,6,,,,,,,,,,,,,,,,,,,Alex G.,,
E164D,,2,G,4,,1,,,,,,,,,,,,,,,,,,,
L171D,,2,G,5,,,,,,,,,,,,,,,,,,,,,
V320Q,,2,G,7,,,,,,,,,,,,,,,,,,,Matt,,
W325E,,2,G,8,,,,,,,,,,,,,,,,,,,,,
Y294H,,2,G,9,,,,,,,,,,,,,,,,,,,,,
Y166E,,2,H,2,,,,,,,,,,,,,,,,,,,,,
L171E,,2,H,3,,,,,,,,,,,,,,,,,,,,,
G153A,,2,H,4,,,,,,,,,,,,,,,,,,,,,
H315R,,2,H,5,,,,,,,,,,,,,,,,,,,,,
F415D,,2,H,7,,,,,,,,,,,,,,,,,,,,,
N220E,,2,H,9,,,,,,,,,,,,,,,,,,,,,
N163S,,2,I,1,,,,,,,,,,,,,,,,,,,,,
A227W,,2,I,3,,,,,,,,,,,,,,,,,,,,,
E353F,,2,I,5,,,,,,,,,,,,,,,,,,,,,
F248K,,3,A,4,,,,,,,,,,,,,,,,,,,,,
N220D,,3,A,6,,,,,,,,,,,,,,,,,,,,,
E388C,,3,A,7,,,,,,,,,,,,,,,,,,,,,
L272N,,3,A,9,,,,,,,,,,,,,,,,,,,Matt,,
N220S,,3,B,1,,,,,,,,,,,,,,,,,,,,,
M323T,,3,B,2,,,,,,,,,,,,,,,,,,,,,
N293S,,3,B,3,,,,,,,,,,,,,,,,,,,,,
W399H,,3,B,4,,,,,,,,,,,,,,,,,,,,,
V311D,,3,B,5,,,,,,,,,,,,,,,,,,,,,
W325K,,3,B,9,,,,,,,,,,,,,,,,,,,,,
Y166F,,3,C,1,,,,,,,,,,,,,,,,,,,,,
L108N,,3,C,3,,,,,,,,,,,,,,,,,,,,,
I244M,,3,C,4,,,,,,,,,,,,,,,,,,,,,
N220Q,,3,C,7,,,,,,,,,,,,,,,,,,,,,
Q313E,,3,C,8,,,,,,,,,,,,,,,,,,,,,
C167S,,3,C,9,,,,,,,,,,,,,,,,,,,,,
I244V,,3,D,1,,,,,,,,,,,,,,,,,,,,,
N163S,,3,D,2,,,,,,,,,,,,,,,,,,,,,
N220K,,3,D,3,,,,,,,,,,,,,,,,,,,,,
V311A,,3,D,4,,,,,,,,,,,,,,,,,,,,,
N220D,,3,D,7,,,,,,,,,,,,,,,,,,,,,