name,student,y,gel,kcat,km,kcatkm
N163E,Bowen,0.10,0,3.6,117.9,31
W325E,Augie,0.21,1,0.7,11.3,62
N163S,Bowen,0.11,1,4.5,32.6,138
E164D,Ana,2.74,1,1,5,200
T296E,Stephanie,0.13,0,7.3,10.2,716
N293C,Ryan L.,0.53,1,11,14.4,764
F415D,Augie,0.14,1,12.7,10.3,1233
C167S,Michelle,0.36,1,163.4,101.3,1613
N293S,Michelle,0.13,1,19,10.2,1863
N220E,Augie,0.30,1,60.6,32.4,1870
Y294L,Ryan C,0.10,0,3.8,1.8,2111
N220S,Michelle,0.12,1,57.9,12.4,4669
L171D,Augie,0.15,1,125.4,18,6967
L171E,Augie,0.27,1,152.7,15.3,9980
N220D,Bowen,0.13,1,102.9,6.1,16869
N220D,Bowen,0.13,1,102.9,6.1,16869
L108N,Augie,0.75,1,349.7,11,31791
W325R,Augie,0.62,1,480.5,13.9,34568
A249E,Ryan C,0.18,0,182.4,5.2,35077
Q313E,Ryan L. ,0.11,1,513.3,12,42775
I244M,Elena ,0.26,1,1193.4,25.7,46436
Y166F ,Elena ,0.84,1,893.8,16,55863
G153A,Augie,0.48,1,498.2,8.3,60024
R240K,Stephanie,0.47,1,866.2,13.9,62317
S298E,Augie,0.38,1,513,4.3,119302
N220Y,Augie,1.27,1,231.8,1.6,144875
I244V,Stephanie,0.84,1,675.1,2.6,259654
H315R,Ryan C,1.17,1,995.6,3.7,269081
N220K,Ryan L. ,0.81,1,292.7,1,292700
E353F,Ryan C,1.39,1,1022.4,3.3,309818
A227W,Ryan C,2.10,1,899.7,2.3,391174
N293K,Augie,0.15,0,,,
F343S,Augie,0.16,0,,,
A236E,Ryan C,0.14,0,,,
D121F,Ryan C,0.12,0,,,
G12N,Ryan C,0.14,0,,,
N163K,Ryan C,0.10,0,,,
S32L,Ryan C,0.13,0,,,
W407Y,Ryan C,0.11,0,,,
N163S,Sanjana,0.33,0,,,
Q19P,Sanjana,0.10,0,,,
W407K,Sanjana,0.12,0,,,
E388C,Nahal,1.40,1,,,
N220Q,Nahal,1.27,1,,,
V311A,Nahal,0.94,1,,,
F415N,Ana,,,,,
Y166E,Ana,,,,,
M323T,Augie,,,,,
Y166F,Elena,,,,,
V311D,Mary,,,,,
W325K,Mary,,,,,
W399H,Mary,,,,,
Y166F,Mary,,,,,
F248K,Natalie,,,,,
D322A,Natalie,,,,,
E406Q,Natalie,,,,,
H178N,Natalie,,,,,
L272N,Natalie,,,,,
V320Q,Ryan C,,,,,
I244E,,,,,,
Y294H,,,,,,
E281H,,,,,,
Q124H,,,,,,